,train_return,test_return,sum
408,58.116420000000005,91.91345,1.004
946,57.98772000000001,90.59083999999999,1.004
376,57.26473,90.31688000000001,1.004
810,57.03339,89.63183,1.004
370,57.81134999999999,89.57332,1.004
320,58.129509999999996,89.15216,1.004
565,56.59253999999999,88.78125,1.004
776,58.32349,88.7427,1.004
527,57.9093,88.3821,1.0040000000000002
909,56.87768,88.24286999999998,1.004
982,57.41888,88.12012999999999,1.004
286,58.58206,88.04302,1.004
948,56.39276,87.80516,1.004
405,57.18034,87.52233999999999,1.004
26,57.27336999999999,87.3757,1.004
18,56.488150000000005,87.37467,1.004
529,56.574200000000005,87.09615,1.004
102,57.319990000000004,86.87196,1.004
73,55.92454000000001,86.69185999999999,1.004
278,57.02338,86.50574,1.004
613,55.82449,86.31663,1.004
640,56.83415,86.21296000000001,1.004
424,56.61065000000001,86.15983,1.004
71,55.34811,85.88847,1.004
169,55.43374,85.76035000000002,1.004
2,56.00699,85.65725,1.004
252,55.91020999999999,85.5496,1.004
199,55.5015,85.29301,1.004
749,55.415040000000005,85.15767999999998,1.004
644,56.13808,85.01149,1.004
655,56.4835,84.99529,1.004
20,55.588589999999996,84.9369,1.004
80,55.9467,84.75601,1.004
896,55.645250000000004,84.63640000000001,1.004
760,55.46786,84.11040999999999,1.0040000000000002
767,54.83961000000001,83.97201,1.004
234,54.07433,83.35311999999999,1.004
334,54.08947,83.31030000000001,1.004
373,55.669560000000004,82.81528,1.0040000000000002
208,55.21573,82.60939,1.004
174,55.51634,82.58972,1.0040000000000002
683,52.102459999999994,79.68111,1.004
474,52.452839999999995,78.34962999999999,1.004
837,52.27006,78.34421999999999,1.004
574,52.43187,78.24568,1.004
449,51.142450000000004,78.10567,1.004
152,51.279790000000006,77.84135,1.004
33,50.11953,76.7005,1.004
646,51.814170000000004,76.65144000000001,1.004
318,50.25829,76.5206,1.004
827,50.850559999999994,76.34020000000001,1.004
467,50.42164,75.62574000000001,1.004
182,50.157830000000004,75.6198,1.004
263,51.043490000000006,75.53828999999999,1.0040000000000002
606,52.18893,75.52082,1.004
631,51.45392,75.18614,1.004
514,50.48433,75.14604,1.004
346,50.15801999999999,75.04946,1.004
34,50.66402000000001,74.94329,1.004
485,51.701319999999996,74.86127,1.004
443,50.380300000000005,74.79139,1.004
943,50.2604,74.75714,1.004
151,51.08604,74.67555000000002,1.004
653,51.25744999999999,74.67111,1.004
292,50.08696,74.58635000000001,1.0040000000000002
392,50.30502,74.54884999999999,1.004
288,49.72049,74.38139000000001,1.004
307,50.6349,74.27121,1.004
530,49.582899999999995,74.19067,1.004
875,49.36274,73.90956,1.004
271,49.67125,73.82908,1.004
457,50.832629999999995,73.76257000000001,1.004
141,50.97302,73.42981,1.004
924,49.95701,73.4298,1.004
577,50.22132,73.42163000000001,1.004
559,50.72851,73.36577,1.004
396,48.7009,73.35316,1.004
670,51.488119999999995,73.26461,1.004
784,50.41788,73.24947,1.004
356,49.56023,73.10873000000001,1.004
374,48.64819,73.01677000000001,1.004
215,48.69385,72.80285,1.004
109,50.45055,72.66787,1.004
462,50.00499,72.5522,1.004
231,51.21388999999999,72.41295,1.004
121,49.22181,72.20154,1.004
402,50.20178,72.16064,1.0040000000000002
140,49.329139999999995,71.95639,1.004
563,50.10352,71.92872,1.004
947,48.30561,71.90205,1.004
966,49.24455,71.89853,1.004
679,47.88223,71.79189,1.004
957,51.02436,71.55339000000001,1.004
695,50.76979,71.26592000000001,1.004
968,48.81036999999999,70.81272,1.004
446,46.75108,70.52014,1.004
104,50.24396,70.1862,1.004
379,49.78439999999999,70.18360000000001,1.004
593,47.78034,69.97306,1.004
181,47.77271,69.48972,1.004
213,47.523579999999995,69.38943,1.004
500,47.236329999999995,69.25375,1.004
971,47.124289999999995,69.141,1.004
707,46.77117,69.01732999999999,1.004
175,47.24938999999999,68.88835,1.004
58,46.69842,68.87178,1.004
304,48.131780000000006,68.78071,1.0040000000000002
911,46.8729,68.60553999999999,1.004
245,47.637739999999994,68.50067,1.004
348,48.0195,68.40792,1.004
726,47.41666000000001,68.38714,1.004
919,47.72368,67.9619,1.004
739,48.06039,67.75371,1.004
205,47.12873999999999,67.75072,1.004
549,46.7455,67.70840000000001,1.004
40,48.19302999999999,67.50396,1.004
509,46.294219999999996,67.43611999999999,1.004
448,47.258649999999996,67.42354,1.004
737,47.40635,67.39787999999999,1.004
560,48.84106,67.31538,1.004
389,47.763850000000005,66.86315,1.004
313,47.15379,66.59808999999998,1.004
998,47.998509999999996,66.52786,1.004
611,46.41449,66.39809,1.004
892,46.76997,66.37726,1.004
754,47.88022,66.32746,1.004
281,46.273109999999996,66.29523,1.004
941,45.58178,66.02360999999999,1.004
179,46.00304,65.81297,1.0040000000000002
706,47.20303,65.80716,1.004
594,47.57483,65.78623,1.004
651,46.08906,65.72144999999999,1.004
54,46.571299999999994,65.62038000000001,1.004
17,46.254760000000005,65.60114,1.004
789,46.15074,65.59953,1.0040000000000002
341,45.24526,65.03184,1.004
489,43.78933000000001,64.97488,1.004
903,46.047920000000005,64.93414,1.004
824,47.69656,64.87646,1.004
432,44.900670000000005,64.85623,1.004
871,45.15874,64.82677,1.004
681,44.71510000000001,64.80359,1.004
62,45.084010000000006,64.78627999999999,1.004
977,46.51589,64.76309,1.004
852,45.08126,64.73864,1.004
269,46.92692,64.7141,1.004
796,46.307339999999996,64.64224,1.004
326,44.199,64.4256,1.004
226,43.85845,64.40104,1.004
632,46.87495,64.31047000000001,1.004
783,45.97507,64.28843,1.004
780,43.71046,64.27935,1.004
599,44.7342,64.14198,1.004
836,43.66575,64.04060999999999,1.004
888,44.3198,64.02549,1.004
618,43.68187,63.97654,1.004
191,46.06516,63.91962,1.004
778,44.256330000000005,63.90015,1.004
16,46.96033,63.880469999999995,1.004
724,44.46479,63.85276,1.004
165,45.54614,63.767309999999995,1.004
543,45.13348,63.767250000000004,1.004
862,43.89213,63.760629999999985,1.004
308,43.60265,63.73046000000001,1.0040000000000002
583,44.22056,63.717020000000005,1.004
741,45.626439999999995,63.71347999999999,1.004
51,45.63082,63.67281,1.0040000000000002
94,43.8506,63.60673,1.004
440,46.66906,63.57999,1.004
81,43.66969999999999,63.54989,1.004
987,45.39336,63.48589999999999,1.004
656,46.88878,63.318529999999996,1.004
284,45.88374,63.282849999999996,1.004
542,46.85521,63.26676,1.004
897,44.822419999999994,63.226620000000004,1.004
112,43.65372000000001,63.216710000000006,1.004
382,47.07162,63.15386999999999,1.004
120,44.13226,63.079390000000004,1.004
386,46.04692,63.06390999999999,1.004
69,44.73068,63.05613,1.004
331,44.108940000000004,62.96138,1.004
604,45.01595,62.78576999999999,1.004
621,46.2795,62.77825,1.004
264,45.572649999999996,62.61657,1.004
101,46.32186000000001,62.579139999999995,1.004
833,43.401340000000005,62.45558000000001,1.0040000000000002
719,44.08133,62.31161,1.004
422,45.25555000000001,62.27356999999999,1.0040000000000002
878,44.78265,62.26623000000001,1.004
868,45.96915,62.17928,1.004
872,43.81584,62.17736,1.004
31,44.11362,62.16823,1.004
3,43.59007,62.15393999999999,1.004
282,44.42746,62.153099999999995,1.004
864,45.23363,62.06858,1.004
885,43.328480000000006,61.99167,1.0040000000000002
597,44.42532,61.953559999999996,1.004
652,45.867630000000005,61.94166,1.004
306,44.02042,61.928,1.0040000000000002
550,43.275949999999995,61.89865999999999,1.004
445,45.48074,61.87135000000001,1.004
973,45.61225,61.866389999999996,1.004
645,43.98449,61.81791,1.004
876,43.89533,61.734140000000004,1.004
582,46.24178,61.64673,1.004
367,43.294790000000006,61.61340999999999,1.004
144,46.10248,61.6031,1.004
907,43.84649,61.56331,1.004
41,44.71141,61.55063,1.004
686,44.30874,61.547349999999994,1.004
115,46.9851,61.536370000000005,1.004
865,43.58925,61.36044,1.004
711,44.44588,61.32290999999999,1.004
439,46.23729,61.26688,1.004
236,44.9448,61.15046,1.004
143,44.55834,61.10394000000001,1.004
239,43.32373,61.07867999999999,1.004
384,44.0754,61.06251,1.004
339,44.99370999999999,61.0324,1.004
113,43.64707,61.01201999999999,1.004
671,43.37758,61.00555,1.004
107,43.768550000000005,60.92411,1.004
117,45.468250000000005,60.87241,1.004
493,42.419200000000004,60.86825,1.004
242,44.83237,60.849180000000004,1.004
519,45.34059,60.84487,1.004
406,44.32804,60.841570000000004,1.004
427,44.070660000000004,60.83888999999999,1.004
303,44.286590000000004,60.803850000000004,1.004
813,44.88055,60.74684,1.004
272,43.56181,60.68012999999999,1.004
56,43.32994,60.67743,1.004
249,45.45276,60.67297,1.004
904,42.969449999999995,60.647909999999996,1.004
736,44.18108,60.627359999999996,1.004
596,43.986239999999995,60.6251,1.004
700,43.44042,60.58539999999999,1.004
8,43.14545,60.44795,1.004
526,45.33471,60.42675,1.004
156,44.69305,60.37846999999999,1.004
569,43.46958000000001,60.373009999999994,1.004
867,44.98219999999999,60.341899999999995,1.004
658,43.30173,60.25685999999999,1.004
765,46.09488,60.23547000000001,1.004
674,45.87544,60.22914,1.004
592,44.080799999999996,60.22440000000001,1.004
99,42.714650000000006,60.19863,1.004
203,45.05865,60.18769,1.004
436,42.86662,60.10079,1.004
338,43.126039999999996,60.09211,1.004
502,43.538560000000004,59.94296999999999,1.004
738,43.416669999999996,59.88925,1.004
520,43.96020000000001,59.82675,1.004
13,42.66898,59.805719999999994,1.004
734,44.55115,59.768840000000004,1.004
118,44.571299999999994,59.75456,1.004
93,42.79736,59.750069999999994,1.004
759,44.05344,59.69335,1.0040000000000002
119,43.86937999999999,59.672929999999994,1.004
108,45.08366,59.62416,1.004
625,42.40354,59.62282,1.004
377,44.582989999999995,59.61788,1.004
588,45.99439,59.491690000000006,1.004
855,42.44306,59.45465,1.004
364,43.57222,59.419070000000005,1.004
748,44.892950000000006,59.365649999999995,1.004
552,44.62379,59.34003,1.004
195,43.37077,59.31130999999999,1.004
635,43.25056000000001,59.237610000000004,1.004
601,41.56473,59.235299999999995,1.004
581,45.097120000000004,59.23210999999999,1.004
808,42.8364,59.201429999999995,1.004
359,44.00944,59.19733,1.004
801,42.576260000000005,59.18803,1.004
960,42.52283,59.159139999999994,1.004
197,42.05876,59.10446999999999,1.004
77,43.8634,59.0631,1.004
627,43.63589,59.0113,1.004
61,43.5846,58.97142,1.004
257,43.31931,58.962920000000004,1.004
790,42.0106,58.93195,1.004
685,43.49444,58.910830000000004,1.004
715,42.3198,58.886289999999995,1.004
142,42.8181,58.826449999999994,1.004
615,42.573479999999996,58.80224,1.004
690,42.44533,58.77347999999999,1.004
553,43.40537,58.7129,1.004
475,42.44166,58.70924000000001,1.004
44,44.007070000000006,58.701719999999995,1.004
753,44.67987,58.69731999999999,1.004
431,43.295950000000005,58.69135,1.0040000000000002
735,42.76935,58.68566,1.004
447,41.88539,58.684239999999996,1.004
221,44.62445000000001,58.67311999999999,1.004
100,42.83931,58.65409999999999,1.004
815,44.73173,58.650040000000004,1.004
229,41.78839,58.61922,1.0040000000000002
693,41.43133,58.61389999999999,1.004
962,41.57237,58.53765,1.004
27,43.82783,58.48477,1.004
154,43.546200000000006,58.45940999999999,1.004
834,44.32207,58.45823,1.004
662,42.575140000000005,58.42885,1.0040000000000002
556,42.815439999999995,58.408919999999995,1.004
551,41.379329999999996,58.407439999999994,1.004
817,44.45203,58.38436,1.004
204,42.37784,58.36275,1.004
79,44.65231,58.321799999999996,1.004
425,42.735110000000006,58.26608,1.004
168,40.861320000000006,58.26135,1.004
161,44.34803,58.24837,1.004
15,43.10035,58.17687,1.004
898,42.03116,58.156279999999995,1.004
375,44.2077,58.15255,1.004
230,43.75205,58.100750000000005,1.004
794,43.306070000000005,58.0865,1.004
697,43.8866,58.086209999999994,1.004
482,43.96944,58.08041,1.004
1,43.24117,58.074839999999995,1.004
333,42.31903,57.99467,1.004
401,41.215720000000005,57.977869999999996,1.004
53,42.74859000000001,57.95575,1.004
450,41.91196000000001,57.953469999999996,1.004
727,44.05935,57.912130000000005,1.004
232,42.9974,57.90857999999999,1.004
798,42.218560000000004,57.76109999999999,1.0040000000000002
501,43.27308,57.75636999999999,1.004
340,41.898610000000005,57.687560000000005,1.004
273,44.90394,57.65585,1.004
598,41.562070000000006,57.601929999999996,1.004
692,41.57057,57.514089999999996,1.004
189,42.42361,57.483439999999995,1.004
200,43.14598,57.47719000000001,1.004
299,42.94709,57.46503,1.004
622,43.89163,57.42855999999999,1.004
211,43.24238,57.42746999999999,1.004
328,41.7137,57.41424,1.004
183,42.51229000000001,57.39837,1.004
419,42.36028,57.33688,1.004
332,41.31823,57.33551,1.004
150,42.261630000000004,57.32065,1.004
266,42.208040000000004,57.27476,1.004
830,43.17846,57.246249999999996,1.004
430,41.92765,57.233869999999996,1.004
874,42.37695,57.21227999999999,1.004
729,43.92002000000001,57.16786999999999,1.004
850,41.99683,57.14995999999999,1.004
934,43.180980000000005,57.119159999999994,1.0040000000000002
826,43.09308,57.114090000000004,1.004
184,41.71037,56.975829999999995,1.004
290,42.66613,56.9666,1.004
728,41.85858,56.95098,1.004
819,41.39452,56.93165,1.004
218,41.712379999999996,56.8953,1.004
68,42.21898,56.88378,1.004
766,41.62989,56.86662,1.004
261,41.68862,56.832919999999994,1.004
633,44.233670000000004,56.82233,1.004
484,42.30289,56.82034999999999,1.004
414,41.826499999999996,56.81333000000001,1.004
623,42.40639,56.79933,1.004
708,42.28121,56.79109999999999,1.004
131,41.027060000000006,56.77777999999999,1.004
614,42.66747,56.75623,1.004
66,43.18462,56.74745,1.004
285,44.13942,56.74552999999999,1.004
416,42.32463,56.74125,1.004
920,41.980309999999996,56.72628,1.004
732,43.56149,56.7255,1.004
536,42.70569999999999,56.70418,1.004
575,42.12464,56.68602,1.004
579,41.690690000000004,56.67163000000001,1.004
202,42.87414,56.66571999999999,1.004
289,43.369910000000004,56.65603,1.004
976,43.173370000000006,56.64465,1.004
578,44.13090000000001,56.618739999999995,1.004
983,43.091750000000005,56.617709999999995,1.004
637,41.8405,56.57598,1.004
29,43.61534,56.54647,1.004
641,41.68652,56.54514999999999,1.004
758,43.50363,56.510769999999994,1.004
624,40.88663,56.483779999999996,1.004
499,41.844629999999995,56.461589999999994,1.004
893,43.13204,56.408500000000004,1.004
209,41.8106,56.40028,1.004
762,43.109390000000005,56.38699,1.004
546,41.78757,56.367450000000005,1.004
134,42.646950000000004,56.33913,1.004
358,41.442400000000006,56.33633,1.004
418,42.33296,56.327749999999995,1.004
327,40.81497,56.31487,1.004
267,43.624159999999996,56.30077,1.004
958,41.162890000000004,56.28349,1.004
717,42.149280000000005,56.2744,1.004
538,40.86633,56.273390000000006,1.004
932,41.53559,56.24571,1.004
839,42.872119999999995,56.22098,1.004
75,40.313379999999995,56.200689999999994,1.004
986,42.51459,56.19083,1.004
709,42.432750000000006,56.17600999999999,1.004
222,40.888980000000004,56.14577,1.004
586,41.331500000000005,56.1447,1.004
985,42.89701,56.12966,1.004
880,42.68533000000001,56.11493,1.004
944,42.83729,56.112489999999994,1.004
544,41.99981,56.08565,1.004
157,41.95743,56.051959999999994,1.004
663,41.30991,56.04131,1.004
398,42.743269999999995,56.03684,1.004
535,41.25281,56.02535999999999,1.004
991,42.03309,56.02133,1.004
988,42.342380000000006,56.000399999999985,1.004
531,41.79180000000001,55.99502,1.004
657,41.49811,55.99485,1.004
90,41.08234,55.980700000000006,1.004
647,42.899060000000006,55.978899999999996,1.004
516,41.72471,55.97655,1.004
933,41.009280000000004,55.97219,1.004
915,41.17089,55.94592,1.004
167,41.45518,55.940960000000004,1.004
123,40.911950000000004,55.922889999999995,1.0040000000000002
360,41.74946,55.894479999999994,1.004
476,41.80799,55.86399,1.004
60,41.14692,55.84411,1.004
155,42.38923,55.80194999999999,1.004
605,42.29906,55.76978,1.004
210,40.69509000000001,55.757979999999996,1.004
955,41.04275,55.750409999999995,1.004
750,42.13771,55.74527,1.004
913,41.80978,55.738299999999995,1.004
840,42.65327,55.7033,1.004
347,41.43567,55.67322999999999,1.004
603,41.03768,55.664770000000004,1.004
466,40.85727,55.62845,1.004
49,43.328,55.62791,1.004
323,42.12517,55.616679999999995,1.004
274,42.77068,55.615390000000005,1.004
525,42.78604,55.588849999999994,1.004
265,41.59028,55.581999999999994,1.004
412,43.71999,55.54211000000001,1.004
185,40.68248,55.53859,1.0040000000000002
901,41.46149,55.53818,1.004
206,40.7215,55.53386,1.004
628,43.52874,55.486869999999996,1.004
388,41.12684,55.47875,1.004
908,42.354969999999994,55.46199,1.004
979,41.594190000000005,55.45475999999999,1.004
740,41.85163,55.444590000000005,1.004
472,43.08022,55.43856,1.004
745,41.65711,55.4328,1.004
952,43.08735,55.428129999999996,1.004
228,42.359899999999996,55.42229,1.004
324,42.099360000000004,55.420289999999994,1.004
769,42.38108,55.38977,1.004
458,41.76568,55.36107,1.004
223,42.4367,55.29030000000001,1.004
747,42.20130999999999,55.28855,1.004
64,44.182339999999996,55.27749,1.004
293,42.47426,55.27222999999999,1.004
870,40.58679000000001,55.25965,1.004
88,41.90038,55.23941,1.004
608,42.27462,55.221180000000004,1.004
889,43.13228,55.21185,1.004
602,40.52954,55.21127,1.004
512,42.123,55.20733,1.0040000000000002
241,42.019189999999995,55.18912,1.004
722,42.940020000000004,55.18689,1.004
325,42.172760000000004,55.18301,1.004
838,43.537079999999996,55.17922999999999,1.004
248,42.3389,55.15875,1.004
890,41.3633,55.15171,1.004
812,43.00474,55.12996,1.0040000000000002
733,42.698049999999995,55.12495,1.004
609,42.77709,55.11183,1.004
970,41.253690000000006,55.1109,1.004
495,40.917699999999996,55.10961999999999,1.004
925,41.83072,55.08051,1.004
786,42.274609999999996,55.05109999999999,1.004
684,42.72562,55.042820000000006,1.004
403,43.70583,55.031439999999996,1.004
665,41.644780000000004,55.00168,1.004
969,40.505430000000004,54.98028,1.004
847,42.02405,54.970130000000005,1.004
842,40.846199999999996,54.96212,1.004
510,39.916340000000005,54.961710000000004,1.004
743,42.839299999999994,54.94958999999999,1.004
566,40.68521,54.944289999999995,1.004
668,41.11371,54.941860000000005,1.004
713,40.617900000000006,54.93212,1.004
612,40.63708,54.910610000000005,1.004
950,41.64537,54.88213999999999,1.004
147,41.63232,54.88128,1.004
887,41.700140000000005,54.87621,1.004
372,40.46209,54.80694,1.004
344,42.736090000000004,54.80376,1.004
280,41.02884,54.80213,1.004
454,41.63236,54.79826,1.004
98,41.72768,54.79378,1.004
87,40.095060000000004,54.787,1.004
97,42.65808,54.776999999999994,1.004
4,42.62238000000001,54.77264,1.004
654,40.98117,54.76934,1.004
486,42.17224,54.76321,1.004
660,41.123990000000006,54.71714,1.004
906,41.68462,54.71308,1.004
900,42.42046,54.71292,1.004
84,42.4466,54.712529999999994,1.004
149,41.936080000000004,54.710840000000005,1.004
225,39.85948,54.70792999999999,1.0040000000000002
634,41.84778,54.70343999999999,1.004
363,40.84725,54.69246999999999,1.004
145,42.29415,54.65423,1.0040000000000002
984,40.60709,54.62273999999999,1.004
260,42.744,54.61574,1.004
256,41.0145,54.59944,1.004
442,42.67757,54.587630000000004,1.004
755,41.66184,54.58143999999999,1.004
989,41.81233,54.575779999999995,1.004
178,41.77645,54.55955,1.004
926,43.12887,54.55766,1.004
524,41.56542999999999,54.55112999999999,1.004
368,40.889399999999995,54.549890000000005,1.004
214,41.61601,54.51444,1.004
918,40.25483,54.51279,1.004
806,40.8214,54.50027,1.004
803,40.547869999999996,54.4996,1.004
704,41.77561,54.47572,1.004
352,40.9981,54.47521999999999,1.004
187,41.53841,54.44445,1.004
590,42.01566,54.43315,1.004
990,40.10461,54.40121,1.004
505,42.849729999999994,54.39613000000001,1.004
725,41.45519,54.3955,1.004
548,40.974509999999995,54.39174,1.0040000000000002
673,41.255660000000006,54.383669999999995,1.004
799,42.25148,54.37266999999999,1.004
163,41.11161,54.36841,1.004
807,40.768950000000004,54.35606,1.004
170,40.94358,54.350229999999996,1.004
365,41.283339999999995,54.33915,1.0040000000000002
891,42.054289999999995,54.33349,1.004
843,40.783370000000005,54.332530000000006,1.004
938,42.56146,54.321059999999996,1.004
956,42.9879,54.31535,1.004
570,40.94604,54.28594,1.004
357,40.87386000000001,54.2834,1.004
137,41.847319999999996,54.276149999999994,1.004
336,40.01677000000001,54.26875,1.004
36,44.446,54.25102,1.004
811,41.0984,54.24757,1.004
849,40.68711,54.225669999999994,1.004
672,40.476169999999996,54.22511,1.004
511,39.93543,54.21659999999999,1.0040000000000002
453,40.682610000000004,54.19755,1.004
916,40.82891000000001,54.193900000000006,1.004
173,40.80279,54.19172,1.004
823,42.44641,54.16212,1.004
133,42.47164,54.14999,1.004
701,41.24752000000001,54.14917,1.004
884,41.248810000000006,54.14353,1.004
19,40.388400000000004,54.14091,1.004
496,40.69642999999999,54.12617,1.004
224,41.644980000000004,54.12486,1.0040000000000002
465,40.00656,54.12008,1.004
682,41.28232,54.11461,1.004
72,41.701029999999996,54.11424999999999,1.004
96,41.19060999999999,54.112880000000004,1.0040000000000002
800,40.94346,54.10751,1.004
404,39.93981,54.081579999999995,1.004
451,40.62213,54.07267999999999,1.004
139,42.627660000000006,54.06649,1.004
869,41.868089999999995,54.06613,1.004
217,41.68675,54.06603,1.004
999,40.51482,54.056160000000006,1.004
105,39.59885,54.01443,1.004
47,42.06459000000001,53.9951,1.004
391,40.72431,53.99257999999999,1.004
562,41.08305,53.99007999999999,1.004
469,40.09597,53.95730999999999,1.004
35,41.57891,53.94327,1.004
821,40.1288,53.93986,1.004
545,41.75522,53.92694,1.004
247,41.239509999999996,53.88617,1.004
345,40.32842,53.875899999999994,1.004
698,41.17012,53.86543,1.004
393,40.7425,53.85366,1.004
667,40.102239999999995,53.853300000000004,1.004
74,41.72526,53.81959,1.004
541,40.75777,53.81908,1.004
797,40.86417,53.81022,1.004
381,43.01998,53.798289999999994,1.0040000000000002
437,41.43134,53.79392,1.004
718,40.56791,53.78938999999999,1.004
275,41.775040000000004,53.77896,1.004
219,42.40296000000001,53.76983,1.004
116,41.927859999999995,53.76336,1.004
942,41.5664,53.75972,1.004
413,40.38235,53.757369999999995,1.004
317,41.160210000000006,53.74535,1.004
24,41.185100000000006,53.74257,1.004
616,40.94561,53.742079999999994,1.004
677,42.94641,53.741200000000006,1.004
965,42.52455,53.69436999999999,1.004
238,41.161300000000004,53.69343,1.004
772,41.564710000000005,53.68852,1.004
196,41.033370000000005,53.666720000000005,1.004
687,41.15245,53.6581,1.0040000000000002
477,40.764340000000004,53.656929999999996,1.004
761,41.132999999999996,53.653099999999995,1.004
723,42.06681,53.64846,1.004
46,41.424949999999995,53.63544,1.004
937,40.943439999999995,53.63422,1.004
764,41.48082,53.62223999999999,1.004
992,41.61446,53.61701,1.004
689,39.94573,53.61635999999999,1.004
287,40.363479999999996,53.6075,1.004
844,40.326899999999995,53.57853,1.004
298,41.63404,53.55886,1.004
854,40.507130000000004,53.54951,1.0040000000000002
742,40.22982,53.54897999999999,1.004
881,40.50582,53.52996,1.004
494,40.17044,53.49532,1.004
65,42.10405,53.486909999999995,1.004
83,40.25594,53.48415,1.004
180,40.139759999999995,53.48016,1.004
814,42.04312,53.47289,1.004
879,40.590270000000004,53.4569,1.004
194,41.37972,53.44466,1.004
573,41.205780000000004,53.43732999999999,1.004
661,40.57131,53.43369,1.004
518,40.853229999999996,53.40975,1.004
349,41.32311,53.40807999999999,1.004
129,41.3658,53.40692,1.004
619,41.39702,53.40234000000001,1.004
259,42.70233,53.392759999999996,1.004
397,41.131750000000004,53.38926000000001,1.004
428,40.886030000000005,53.38858999999999,1.0040000000000002
111,40.25913,53.3835,1.004
32,41.451170000000005,53.378280000000004,1.004
630,40.62656,53.37527,1.004
480,41.40881,53.35142999999999,1.004
420,40.91278,53.34853,1.004
963,40.763000000000005,53.32903999999999,1.004
460,41.13848,53.308409999999995,1.004
513,40.21326,53.3066,1.004
589,40.714150000000004,53.30082999999999,1.004
126,41.5791,53.29827,1.004
507,40.81557000000001,53.2971,1.004
846,41.16438,53.296949999999995,1.004
705,42.8968,53.29373,1.004
270,39.64339,53.28881,1.004
558,40.28438,53.27105,1.004
940,41.044619999999995,53.27012,1.004
471,40.06151,53.26999,1.004
580,39.98791000000001,53.26065,1.004
216,41.26938,53.25607,1.004
696,41.97471,53.25593,1.004
564,39.86543,53.25373999999999,1.004
262,41.04202,53.25151,1.004
816,41.43105,53.24454,1.004
858,40.44553,53.23133,1.004
176,42.27498,53.21985999999999,1.004
417,41.05871,53.201049999999995,1.004
517,40.236670000000004,53.19926,1.004
675,40.754839999999994,53.196619999999996,1.004
258,41.255790000000005,53.18720999999999,1.004
974,41.6755,53.17721999999999,1.004
434,40.67959,53.10667,1.004
70,40.551730000000006,53.10374,1.004
978,40.594350000000006,53.08806,1.0040000000000002
804,39.6385,53.08502,1.004
504,39.8266,53.076899999999995,1.004
895,41.447970000000005,53.0583,1.004
699,41.4645,53.048199999999994,1.004
138,42.14048,53.04236,1.004
731,40.70755,53.041439999999994,1.004
591,43.432779999999994,53.03466,1.004
491,41.08772,53.03179,1.004
490,40.49978,52.99888,1.0040000000000002
859,41.36279,52.99680000000001,1.004
63,41.34979,52.97817,1.004
353,40.28946,52.94964,1.004
927,40.24850000000001,52.94669,1.004
291,40.39381,52.9368,1.004
910,40.526619999999994,52.93499,1.004
86,42.51835,52.92836,1.004
585,40.88872,52.90853,1.004
426,40.74783,52.901970000000006,1.004
787,42.97234,52.89472000000001,1.004
92,41.57279,52.87419999999999,1.004
782,39.769180000000006,52.870689999999996,1.004
193,42.828959999999995,52.86344,1.004
831,41.18605,52.84890999999999,1.004
42,41.07928,52.84285,1.004
387,41.915040000000005,52.83974,1.0040000000000002
620,41.96598,52.83167999999999,1.004
886,40.43591000000001,52.82749,1.004
953,40.52134,52.82659,1.004
59,39.89879,52.8206,1.004
355,40.12755,52.81181,1.004
508,40.493840000000006,52.80811,1.004
995,40.61526,52.807370000000006,1.004
860,40.55095,52.79405,1.004
82,41.08023,52.785399999999996,1.004
279,41.87696,52.77810000000001,1.004
751,40.457840000000004,52.77148,1.004
394,41.49284,52.758329999999994,1.004
877,40.943690000000004,52.7242,1.004
455,41.387910000000005,52.7117,1.004
37,40.27814,52.71166,1.004
928,40.415139999999994,52.705119999999994,1.004
22,39.83217,52.696749999999994,1.004
25,41.35378,52.68321999999999,1.0040000000000002
220,40.48204,52.681059999999995,1.0040000000000002
702,41.180049999999994,52.668009999999995,1.004
301,40.61038,52.65607,1.004
50,40.84323,52.64556,1.004
227,40.41753,52.612379999999995,1.004
882,40.998270000000005,52.59646000000001,1.004
415,41.55418,52.58909,1.004
720,41.621520000000004,52.58376,1.004
945,40.60436,52.582209999999996,1.004
980,40.43843,52.58185,1.004
148,42.82661,52.58018,1.004
30,40.0852,52.57818,1.004
861,40.383469999999996,52.56908,1.004
76,42.000299999999996,52.56139999999999,1.004
190,40.67852,52.54269,1.004
557,40.52972,52.537800000000004,1.004
188,41.22914,52.528400000000005,1.004
315,39.51842,52.51432,1.0040000000000002
456,40.671549999999996,52.4905,1.004
712,40.94855,52.48199,1.004
572,40.799490000000006,52.470909999999996,1.0040000000000002
497,40.414860000000004,52.46509999999999,1.004
354,40.08005,52.46451999999999,1.004
240,41.44077,52.4627,1.004
321,41.445240000000005,52.45716,1.004
914,39.89013,52.444140000000004,1.004
305,40.61171,52.43907000000001,1.004
752,39.3144,52.41923,1.004
822,40.77073,52.39984,1.004
912,39.15696,52.39784999999999,1.004
322,41.23428,52.39565999999999,1.004
522,40.5544,52.38508,1.004
297,41.547889999999995,52.380849999999995,1.004
78,40.64993,52.377629999999996,1.004
781,40.687560000000005,52.3768,1.004
935,40.10277,52.37317,1.004
0,41.36806,52.369060000000005,1.004
532,40.40827,52.32312999999999,1.004
883,40.97705,52.31170999999999,1.004
961,39.672560000000004,52.309850000000004,1.004
967,40.715270000000004,52.30462,1.004
11,40.08228,52.29866,1.004
534,40.49646,52.296620000000004,1.004
873,40.18781,52.29601,1.004
235,41.48889,52.277609999999996,1.004
6,40.30661,52.27318,1.004
845,41.735350000000004,52.271699999999996,1.0040000000000002
461,40.75947,52.26837,1.004
768,40.82895,52.2649,1.004
792,41.065780000000004,52.2522,1.004
127,40.95516000000001,52.24643999999999,1.004
777,41.265069999999994,52.24121,1.004
905,41.580259999999996,52.228519999999996,1.004
362,40.60793,52.21315,1.004
254,40.26997,52.20748999999999,1.004
468,41.09207000000001,52.18908999999999,1.004
636,40.24383,52.184200000000004,1.004
103,40.34086,52.16836,1.004
295,40.30826999999999,52.161069999999995,1.004
848,39.792770000000004,52.15071,1.004
607,39.809929999999994,52.122,1.004
316,39.36492,52.11665,1.004
162,40.08068,52.09594,1.004
917,41.16043,52.09467,1.004
576,40.992540000000005,52.08179,1.004
459,41.49928,52.07687,1.004
488,40.50278,52.073899999999995,1.004
172,41.226079999999996,52.06613,1.004
171,41.011340000000004,52.040679999999995,1.004
785,41.08848,52.03875,1.004
302,40.23156,52.02662,1.004
52,41.11915,52.025909999999996,1.004
441,40.95751,51.97726,1.004
371,42.03239,51.97026000000001,1.004
207,41.475139999999996,51.96764,1.004
537,40.74228000000001,51.951899999999995,1.004
793,40.175070000000005,51.94377999999999,1.004
600,40.622389999999996,51.93281999999999,1.004
820,41.889959999999995,51.92044,1.004
828,41.28197,51.92044,1.004
7,39.47803999999999,51.912769999999995,1.004
28,39.906349999999996,51.90826,1.004
959,42.01971,51.89926,1.004
390,40.65389999999999,51.882799999999996,1.004
12,41.81283,51.8699,1.004
763,41.7044,51.86676,1.004
470,41.53028,51.85799,1.004
554,39.84414,51.85643,1.004
694,40.289950000000005,51.853790000000004,1.004
407,41.55608,51.846509999999995,1.004
639,39.14676,51.80945,1.004
400,39.56012,51.79038,1.004
110,39.095740000000006,51.780879999999996,1.004
160,39.88477,51.75013,1.004
617,40.6095,51.72896,1.004
936,40.61292,51.72617,1.004
921,40.32501,51.7044,1.004
201,41.47232,51.703070000000004,1.004
666,39.05764,51.69719,1.0040000000000002
164,39.87822,51.665099999999995,1.004
779,40.300079999999994,51.65985,1.004
192,40.92411,51.64107,1.004
95,40.75341,51.62614,1.004
122,40.96661,51.62501999999999,1.004
825,41.28551,51.60443,1.004
300,41.877030000000005,51.57979,1.004
251,40.23928000000001,51.560010000000005,1.004
250,40.75281,51.55139,1.004
648,40.35473,51.54306,1.004
857,39.4589,51.5291,1.004
410,40.87698,51.52337999999999,1.004
55,41.34882,51.49209999999999,1.004
463,40.71075999999999,51.46998,1.004
136,39.84344,51.46949,1.004
14,39.55782000000001,51.466899999999995,1.004
277,39.92001,51.466449999999995,1.004
894,40.65045,51.465329999999994,1.004
85,39.918110000000006,51.45317,1.004
383,40.597719999999995,51.44793,1.004
902,40.84606000000001,51.436749999999996,1.004
515,41.47921,51.38428999999999,1.004
710,41.65427,51.35877,1.004
561,40.881150000000005,51.35031999999999,1.004
805,40.53641999999999,51.34202,1.004
114,41.05166,51.32233,1.004
246,40.097899999999996,51.29219,1.004
39,41.95775999999999,51.27984,1.004
128,40.38126,51.27739,1.004
584,40.36574,51.274,1.004
146,41.35873000000001,51.24416,1.004
587,41.34114,51.23069,1.0040000000000002
757,39.84275,51.23062,1.0040000000000002
361,41.28396,51.2255,1.004
429,42.24576,51.212149999999994,1.0040000000000002
714,41.98697,51.19026,1.004
540,40.209689999999995,51.185469999999995,1.004
691,40.014970000000005,51.176860000000005,1.004
91,40.46546,51.15469999999999,1.004
369,40.01203,51.13511,1.004
730,40.030730000000005,51.12935,1.004
48,40.28598000000001,51.12788,1.004
756,40.266200000000005,51.12224,1.004
866,39.86338,51.11887,1.004
409,41.83152,51.09923,1.004
106,40.21768,51.09373000000001,1.004
244,40.16575,51.09331,1.004
255,40.10789,51.084469999999996,1.004
130,40.30409,51.08363,1.004
638,39.6436,51.079930000000004,1.004
67,41.10624,51.07835,1.0040000000000002
547,40.097840000000005,51.07175000000001,1.004
23,40.33224,51.056070000000005,1.004
198,39.74105,51.05596,1.004
863,40.36822,51.0535,1.004
243,41.143609999999995,51.04278,1.004
975,40.80361,51.03873,1.004
771,40.047399999999996,50.987759999999994,1.004
521,40.010999999999996,50.986,1.004
158,39.68511,50.978120000000004,1.004
473,39.402820000000006,50.96191,1.004
642,41.40895,50.95904,1.004
528,39.24671,50.95156999999999,1.004
309,41.10527,50.913650000000004,1.004
366,40.09276,50.90301000000001,1.004
922,39.48492,50.88847,1.004
770,40.28928,50.88267999999999,1.004
311,40.74438,50.878989999999995,1.004
555,40.20834000000001,50.86287,1.004
506,40.37111,50.85767,1.004
276,40.222429999999996,50.854389999999995,1.004
385,39.73611,50.82427,1.004
421,40.20861,50.81806,1.004
135,39.577569999999994,50.81798,1.004
571,40.376329999999996,50.801829999999995,1.004
89,39.20725999999999,50.80028,1.004
659,40.5989,50.797959999999996,1.004
335,41.446459999999995,50.7564,1.004
503,40.438019999999995,50.74891,1.004
567,39.3377,50.70125,1.004
853,38.76025,50.699929999999995,1.004
997,39.9179,50.685790000000004,1.004
923,40.39672,50.67425,1.004
45,39.080850000000005,50.67347,1.004
268,38.86121,50.61672999999999,1.004
423,41.22103,50.591179999999994,1.004
931,41.182550000000006,50.578140000000005,1.004
329,39.55371,50.57253999999999,1.004
153,39.96755,50.56049,1.004
678,40.939339999999994,50.55051999999999,1.004
237,39.87169,50.536410000000004,1.004
993,39.254000000000005,50.51535,1.004
399,40.496520000000004,50.50712,1.004
851,41.13502,50.49342,1.004
57,40.1948,50.47368,1.004
38,40.92371,50.45414,1.004
487,39.98853,50.44383,1.004
444,42.40828,50.41472,1.0040000000000002
433,41.21804,50.39975,1.004
5,39.58776,50.381339999999994,1.004
954,39.5259,50.37913999999999,1.004
343,41.16102,50.352149999999995,1.004
483,41.16042,50.334430000000005,1.004
523,41.427350000000004,50.325599999999994,1.004
411,42.01513,50.32073,1.004
775,40.829179999999994,50.31455,1.004
818,39.37429,50.31143,1.004
939,40.10676,50.3056,1.004
435,40.2554,50.28350999999999,1.004
643,41.12325,50.279399999999995,1.004
669,39.167919999999995,50.27203,1.004
829,40.260870000000004,50.26176,1.004
132,41.10167,50.25756,1.004
688,39.61125,50.20455,1.004
835,40.612019999999994,50.18503,1.004
972,41.672830000000005,50.17456,1.004
310,39.42731,50.16183,1.004
650,40.71634,50.144749999999995,1.004
676,39.905370000000005,50.13056,1.004
492,41.36501,50.11755999999999,1.004
841,41.437380000000005,50.07449,1.004
533,41.07858,50.06837,1.004
951,39.64187,50.01957,1.004
498,40.77680000000001,50.011790000000005,1.004
253,40.52515,49.98451,1.004
795,40.20587,49.9663,1.004
481,39.392250000000004,49.948829999999994,1.004
610,40.69991,49.91307,1.004
649,39.74371,49.90142,1.004
964,39.2281,49.88774,1.0040000000000002
337,40.24686,49.88673000000001,1.004
809,39.434129999999996,49.85237,1.004
380,40.75439,49.82791,1.0040000000000002
233,39.81217,49.81967,1.004
832,39.15738,49.81135999999999,1.004
949,38.64381,49.808580000000006,1.004
899,41.165589999999995,49.779050000000005,1.004
43,40.06989,49.76369,1.004
395,40.59025,49.75968999999999,1.004
996,41.989329999999995,49.722649999999994,1.004
629,40.19557999999999,49.71039,1.004
166,39.65016,49.653369999999995,1.004
159,40.75964999999999,49.62815,1.004
438,39.56134,49.6012,1.004
283,41.062870000000004,49.58919999999999,1.004
212,39.627309999999994,49.56071,1.004
479,40.12503,49.53885,1.004
746,41.00923,49.500249999999994,1.004
716,40.44448,49.48157,1.0040000000000002
856,38.57289,49.46383,1.004
10,39.528729999999996,49.42379,1.004
378,38.70821,49.38793999999999,1.004
342,40.28456,49.358549999999994,1.004
177,39.58502,49.34938999999999,1.004
350,39.759429999999995,49.22131,1.004
930,40.34323,49.21404,1.004
539,41.16664,49.093149999999994,1.004
568,41.286809999999996,49.08389999999999,1.004
21,38.71233,49.08258,1.004
312,41.13388,49.0484,1.004
186,40.84362,48.9982,1.004
744,40.20886,48.98845,1.004
791,39.81827,48.98228,1.004
330,39.8662,48.91183000000001,1.004
680,39.88847,48.86143,1.004
452,40.77367,48.78492,1.004
125,39.696740000000005,48.74955,1.004
802,39.21254999999999,48.71212,1.004
664,38.76813,48.702329999999996,1.0040000000000002
626,41.31588000000001,48.646429999999995,1.004
351,40.82727,48.64475,1.004
478,39.52077,48.61264,1.004
788,40.62659,48.56998,1.0040000000000002
994,40.76726000000001,48.45556,1.0040000000000002
721,40.37521,48.44999,1.004
124,40.565690000000004,48.42198,1.004
703,38.05482,48.3406,1.004
314,40.4096,48.27315999999999,1.004
929,39.88338,48.21970999999999,1.004
464,38.56198,48.19491,1.004
319,39.844,48.067679999999996,1.0040000000000002
294,39.59688,47.94867000000001,1.004
981,40.468180000000004,47.92637,1.004
296,40.876450000000006,47.56461,1.0040000000000002
595,39.595259999999996,47.50174,1.004
774,39.82731,47.04885,1.004
773,39.523669999999996,47.03547,1.004
9,39.18502,46.605909999999994,1.004
